"time","I"
0,1
1,3.26973494465835
2,10.5398896857333
3,32.489517590654
4,88.1785975150716
5,180.043343835087
6,243.906996871826
7,232.931506810668
8,181.853289650855
9,128.515214886733
10,86.4389259924629
11,56.6489261250793
12,36.594536572913
13,23.4430273967649
14,14.943224012362
15,9.49629362823702
16,6.02348770301692
17,3.81622221064713
18,2.41602111410588
19,1.52885996235291
20,0.967183073777889
